シリーズ名,定格電力 W,公称電圧 V,無負荷回転数 rpm,無負荷電流 mA,最大連続トルク時の回転数 rpm,最大連続トルク mNm,最大連続電流 A,停動トルク mNm,起動電流 A,最大効率 %,端子間抵抗 ohm,端子間インダクタンス mH,トルク定数 mNm/A,回転数定数 rpm/V,回転数／トルク勾配 rpm/mNm,機械的時定数 ms,ロータ慣性モーメント gcm?,永久磁石磁極ペア数,位相数,モータ質量g
EC,400,48,5370,670,4960,768,9.56,11800,139,87,0.345,0.273,84.9,113,0.457,3.98,831,1,3,2400
EC,400,48,3100,268,2680,843,5.9,6820,46.4,86,1.03,0.82,147,65,0.457,3.98,831,1,3,2400
EC,250,24,8670,897,7970,311,12.5,4400,167,86,0.143,0.0565,26.3,364,1.98,4.34,209,1,3,1150
EC,250,24,5000,341,4300,331,7.51,2540,55.8,85,0.43,0.17,45.5,210,1.98,4.34,209,1,3,1150
EC,250,36,10400,834,9730,312,10.2,5750,175,87,0.206,0.0883,32.8,291,1.82,3.99,209,1,3,1150
EC,250,36,6010,312,5320,341,6.21,3320,58.3,86,0.617,0.265,56.9,168,1.82,3.99,209,1,3,1150
EC,250,48,10700,656,10000,316,7.94,6110,143,87,0.336,0.149,42.7,224,1.76,3.85,209,1,3,1150
EC,250,48,6160,244,5490,347,4.86,3530,47.7,87,1.01,0.448,73.9,129,1.76,3.85,209,1,3,1150
EC,170,15,9840,617,9090,171,12.2,2620,181,89,0.0829,0.0329,14.5,659,3.77,2.12,53.8,1,3,580
EC,170,24,9840,386,9120,165,7.39,2660,115,89,0.209,0.0843,23.2,412,3.71,2.09,53.8,1,3,580
EC,170,42,10100,230,9380,161,4.24,2740,69.1,89,0.608,0.246,39.6,241,3.7,2.08,53.8,1,3,580
EC,170,48,9840,193,9150,165,3.69,2760,59.6,89,0.806,0.337,46.4,206,3.57,2.01,53.8,1,3,580
EC,150,12,9780,1530,8410,174,16.2,1380,119,79,0.101,0.0266,11.5,827,7.22,8.99,119,1,3,850
EC,150,12,5650,577,4370,186,9.65,872,43.6,79,0.275,0.0797,20,478,6.58,8.19,119,1,3,850
EC,150,18,10300,1120,9000,171,11.2,1540,93.3,80,0.193,0.0542,16.5,579,6.78,8.44,119,1,3,850
EC,150,18,5930,419,4680,184,6.72,931,32.6,79,0.552,0.163,28.6,334,6.46,8.05,119,1,3,850
EC,150,24,10500,879,9290,169,8.55,1600,74.8,80,0.321,0.0917,21.4,445,6.67,8.32,119,1,3,850
EC,150,24,6090,328,4840,183,5.13,952,25.6,79,0.936,0.275,37.1,257,6.49,8.08,119,1,3,850
EC,150,36,9360,471,8150,179,5.29,1560,43.1,81,0.836,0.263,36.3,263,6.07,7.56,119,1,3,850
EC,150,36,5400,177,4190,191,3.14,911,14.5,80,2.48,0.788,62.8,152,6,7.48,119,1,3,850
EC,150,48,10200,411,8960,174,4.21,1650,37.2,81,1.29,0.395,44.5,214,6.22,7.75,119,1,3,850
EC,150,48,5860,154,4640,187,2.52,962,12.5,80,3.85,1.19,77.1,124,6.18,7.7,119,1,3,850
EC,120,12,10300,886,9050,107,10.4,985,89.2,81,0.134,0.0266,11,865,10.5,9.39,85,1,3,390
EC,120,18,12000,754,10900,113,8.62,1340,94.4,83,0.191,0.0439,14.2,673,9.05,8.06,85,1,3,390
EC,120,21,10400,515,9240,116,6.46,1150,60.1,83,0.349,0.0797,19.1,500,9.13,8.13,85,1,3,390
EC,120,30,11600,426,10500,120,5.24,1420,57.9,84,0.518,0.132,24.6,389,8.2,7.3,85,1,3,390
EC,120,24,10300,443,9160,120,5.78,1210,55,83,0.436,0.106,22.1,433,8.55,7.61,85,1,3,390
EC,120,36,9830,275,8710,123,3.76,1200,34.6,83,1.04,0.263,34.7,275,8.26,7.35,85,1,3,390
EC,120,42,10400,258,9290,122,3.4,1280,33.5,84,1.25,0.319,38.2,250,8.2,7.3,85,1,3,390
EC,120,48,7560,139,6450,127,2.22,940,15.7,82,3.07,0.788,60.1,159,8.12,7.22,85,1,3,390
EC,120,48,10300,222,9190,123,2.96,1270,28.8,84,1.66,0.425,44.1,216,8.16,7.26,85,1,3,390
EC,120,48,5930,97.8,4830,130,1.77,743,9.72,81,4.94,1.28,76.4,125,8.07,7.18,85,1,3,390
EC,120,48,5420,86.2,4290,126,1.57,639,7.65,80,6.28,1.52,83.5,114,8.59,7.64,85,1,3,390
EC,120,48,3530,48.6,2400,127,1.03,410,3.21,77,14.9,3.56,128,74.8,8.76,7.79,85,1,3,390
EC,120,48,3110,41.3,1990,129,0.92,370,2.56,76,18.8,4.57,145,66,8.56,7.62,85,1,3,390
EC,120,48,2020,24.4,893,129,0.599,237,1.07,72,44.8,10.7,221,43.2,8.75,7.78,85,1,3,390
EC,100,18,31000,373,28200,49.3,9.15,644,116,89,0.155,0.0178,5.53,1730,48.3,2.07,4.09,1,3,128
EC,100,24,29500,257,27000,48.5,6.42,691,89.1,90,0.269,0.035,7.75,1230,42.8,1.83,4.09,1,3,128
EC,100,48,32100,149,30000,47.6,3.45,857,60.2,90,0.797,0.118,14.2,672,37.6,1.61,4.09,1,3,128
EC,80,48,13300,63.9,11400,57.9,1.72,460,13.4,87,3.59,0.626,34.4,278,29,2.31,7.63,1,3,210
EC,80,48,13600,53.4,11700,44,1.35,346,10.3,86,4.64,0.626,33.5,285,39.5,3.16,7.63,1,3,210
EC,80,48,13800,54.9,12200,32.4,1.03,295,8.98,85,5.35,0.626,32.9,290,47.2,3.77,7.63,1,3,210
EC,80,48,14100,56.5,13200,14.9,0.515,256,7.93,84,6.05,0.626,32.3,296,55.4,4.43,7.63,1,3,210
EC,60,12,37100,327,32500,17.2,5.82,157,51.4,85,0.233,0.02,3.06,3120,238,2.66,1.07,1,3,58
EC,60,18,43400,272,39200,16.9,4.48,205,52,86,0.346,0.033,3.94,2420,213,2.39,1.07,1,3,58
EC,60,24,43400,204,39400,17,3.39,221,42.2,87,0.569,0.059,5.25,1820,197,2.21,1.07,1,3,58
EC,60,32,43400,153,39500,17,2.54,230,32.8,87,0.976,0.104,7,1360,190,2.13,1.07,1,3,58
EC,60,48,41700,96.2,37900,17.1,1.63,224,20.5,87,2.34,0.254,10.9,873,187,2.09,1.07,1,3,58
EC,40,12,30400,238,26600,20.9,5.75,184,49.1,87,0.244,0.0182,3.75,2550,166,4.16,2.39,1,3,85
EC,40,24,35200,144,31800,20.7,3.29,243,37.4,88,0.641,0.0546,6.49,1470,145,3.64,2.39,1,3,85
EC,40,36,31600,83.3,28300,20.4,1.95,221,20.4,88,1.76,0.152,10.8,882,144,3.6,2.39,1,3,85
EC,40,48,34200,69.3,30900,20.1,1.56,237,17.7,88,2.71,0.231,13.3,716,145,3.64,2.39,1,3,85
EC,8,6,49200,160,41700,1.74,1.66,12,10.4,77,0.575,0.00998,1.15,8340,4180,3.03,0.0691,1,3,13
EC,8,9,52500,118,45600,1.63,1.11,13,8.05,78,1.12,0.0198,1.61,5920,4110,2.97,0.0691,1,3,13
EC,8,12,53200,90.4,46600,1.62,0.843,13.7,6.46,78,1.86,0.0342,2.12,4500,3940,2.85,0.0691,1,3,13
EC,8,18,57100,67.3,50900,1.61,0.6,15.6,5.27,79,3.42,0.0671,2.97,3220,3700,2.68,0.0691,1,3,13
ECX,120,24,49400,432,47800,29.1,6.67,1080,233,91.7,0.103,0.009,4.63,2060,45.9,1.9,3.94,1,3,140
ECX,120,36,51400,307,49900,29.3,4.67,1290,193,92.3,0.187,0.0188,6.68,1430,40,1.65,3.94,1,3,140
ECX,120,48,52400,238,50900,27.4,3.36,1230,141,92,0.341,0.0321,8.74,1090,42.6,1.76,3.94,1,3,140
ECX,120,18,60800,376,57200,23.9,8.71,503,178,91.2,0.101,0.0096,2.82,3390,121,2.27,1.79,1,3,108
ECX,120,24,60800,282,57500,23.6,6.45,561,149,91.6,0.161,0.0171,3.76,2540,109,2.04,1.79,1,3,108
ECX,120,36,57600,172,54600,24.1,4.16,613,103,92.1,0.35,0.0428,5.95,1600,94.2,1.77,1.79,1,3,108
ECX,120,48,63400,152,60400,23.2,3.32,655,90.8,92.1,0.528,0.0627,7.21,1320,97.1,1.82,1.79,1,3,108
ECX,80,18,64600,459,61200,15.4,6.2,346,131,88.7,0.138,0.00794,2.65,3600,187,2.35,1.2,1,3,72.6
ECX,80,24,64600,344,61600,16,4.82,407,115,89.5,0.208,0.0141,3.53,2700,159,2,1.2,1,3,72.6
ECX,80,36,64600,230,61800,15.4,3.1,414,78.1,89.6,0.461,0.0318,5.3,1800,157,1.97,1.2,1,3,72.6
ECX,80,48,64600,172,61800,14.7,2.24,396,56,89.4,0.858,0.0565,7.07,1350,164,2.06,1.2,1,3,72.6
ECX,60,18,47500,348,43800,14.4,4.29,214,59.6,86,0.302,0.0217,3.59,2660,223,3.91,1.67,1,3,108
ECX,60,24,48400,269,44900,15.2,3.45,251,53.3,87,0.45,0.0373,4.71,2030,194,3.39,1.67,1,3,108
ECX,60,36,49200,184,45900,15.3,2.36,270,39,87,0.924,0.0811,6.94,1380,183,3.2,1.67,1,3,108
ECX,50,18,67900,223,64400,6.89,2.93,149,59.1,88.3,0.304,0.012,2.52,3790,457,1.67,0.349,1,3,33.7
ECX,50,24,66400,161,63100,7.15,2.22,161,46.8,88.8,0.512,0.0223,3.44,2780,414,1.51,0.349,1,3,33.7
ECX,50,36,67900,112,64600,6.88,1.46,161,31.9,88.7,1.13,0.0479,5.04,1890,424,1.55,0.349,1,3,33.7
ECX,50,48,62300,72.1,59000,7.12,1.03,151,20.5,88.7,2.34,0.101,7.33,1300,415,1.52,0.349,1,3,33.7
ECX,40,18,47500,342,43900,9.73,3.02,142,39.8,82.7,0.453,0.0221,3.58,2670,337,3.52,0.997,1,3,72.6
ECX,40,24,47500,256,44100,9.84,2.29,150,31.4,83.1,0.765,0.0392,4.78,2000,320,3.34,0.997,1,3,72.6
ECX,40,36,48400,176,45100,10.3,1.61,170,24.1,84,1.49,0.0853,7.04,1360,287,3,0.997,1,3,72.6
ECX,40,48,48800,134,45600,10.6,1.25,182,19.6,84.5,2.45,0.149,9.31,1030,270,2.82,0.997,1,3,72.6
ECX,30,18,45200,250,41000,7.61,2.23,94.8,25.2,82,0.715,0.0548,3.76,2540,482,5.81,1.15,1,3,78
ECX,30,24,47700,205,43600,7.47,1.74,101,21.3,82,1.13,0.0873,4.75,2010,476,5.74,1.15,1,3,78
ECX,30,36,45200,125,41100,7.57,1.11,96.7,12.8,82,2.8,0.219,7.53,1270,473,5.69,1.15,1,3,78
ECX,30,48,47100,100,42900,7.08,0.82,91.8,9.54,81,5.03,0.358,9.62,992,519,6.25,1.15,1,3,78
ECX,25,18,42300,165,38000,4.84,1.35,50.9,12.7,79.1,1.42,0.0444,4.01,2380,842,3.3,0.374,1,3,33.6
ECX,25,24,43100,128,39100,5.1,1.08,58.5,11.1,80.3,2.16,0.0761,5.25,1820,746,2.92,0.374,1,3,33.6
ECX,25,36,42300,82.5,38400,5.23,0.724,59.9,7.47,80.6,4.82,0.178,8.02,1190,715,2.8,0.374,1,3,33.6
ECX,25,48,42700,62.8,38700,5.13,0.539,58.9,5.55,80.4,8.64,0.31,10.6,901,734,2.88,0.374,1,3,33.6
ECX,20,18,49600,236,45100,4.69,1.59,57.3,16.8,78.1,1.07,0.0502,3.41,2800,880,7.42,0.806,1,3,50
ECX,20,24,49600,177,45300,4.93,1.24,63.2,13.9,79.1,1.73,0.0893,4.55,2100,797,6.73,0.806,1,3,50
ECX,20,36,49700,118,45500,5.1,0.852,67.8,9.94,79.8,3.62,0.201,6.83,1400,743,6.27,0.806,1,3,50
ECX,20,48,49600,88.7,45200,4.75,0.601,59.9,6.59,78.6,7.29,0.357,9.1,1050,840,7.09,0.806,1,3,50
ECX,2,3,74400,149,52300,0.413,1.24,1.45,3.92,65.5,0.766,0.00529,0.37,25800,53400,3.93,0.00703,1,3,3
ECX,2,6,62700,58.8,44900,0.412,0.517,1.52,1.72,66.9,3.49,0.0301,0.882,10800,42800,3.15,0.00703,1,3,3
ECX,2,12,63400,29.8,46800,0.425,0.268,1.7,0.97,68.5,12.4,0.118,1.75,5460,38500,2.84,0.00703,1,3,3
EC-max,120,48,10100,310,9250,170,4.06,2090,46.7,85,1.03,0.204,44.8,213,4.89,5.17,101,1,3,720
EC-max,120,48,7240,188,6280,185,3.1,1490,23.7,83,2.02,0.4,62.8,152,4.9,5.19,101,1,3,720
EC-max,120,48,4720,104,3770,203,2.19,1050,10.9,82,4.4,0.937,96.1,99.4,4.55,4.81,101,1,3,720
EC-max,120,48,3610,72.8,2670,211,1.74,838,6.68,80,7.19,1.6,126,76.1,4.35,4.61,101,1,3,720
EC-max,70,12,8030,584,6410,89.7,6.88,466,33.3,76,0.36,0.0464,14,682,17.6,9.41,51.2,1,3,460
EC-max,70,24,8040,292,6520,89.6,3.44,497,17.8,77,1.35,0.186,28,341,16.5,8.82,51.2,1,3,460
EC-max,70,36,8470,209,7030,95,2.55,595,14.9,78,2.42,0.379,40,239,14.4,7.74,51.2,1,3,460
EC-max,70,48,9030,173,7610,94.2,2.02,636,12.7,79,3.78,0.592,50,191,14.4,7.73,51.2,1,3,460
EC-max,60,12,7980,302,6590,63.6,4.72,381,26.8,80,0.447,0.049,14.2,672,21.2,4.86,21.9,1,3,305
EC-max,60,24,9340,191,8040,60.7,2.66,458,18.8,81,1.27,0.143,24.3,393,20.6,4.73,21.9,1,3,305
EC-max,60,36,9490,130,8270,63.7,1.88,522,14.5,82,2.48,0.312,35.9,266,18.4,4.21,21.9,1,3,305
EC-max,60,48,9350,95.4,8130,64.1,1.4,519,10.7,82,4.49,0.573,48.6,197,18.2,4.17,21.9,1,3,305
EC-max,40,12,8680,223,6630,34.9,2.88,153,11.8,75,1.01,0.088,12.9,738,57.8,6.66,11,1,3,195
EC-max,40,24,9250,123,7220,33.8,1.49,160,6.57,75,3.65,0.31,24.3,393,59.1,6.81,11,1,3,195
EC-max,40,36,9150,80.5,7090,33.3,0.97,154,4.18,75,8.61,0.713,36.8,259,60.6,6.98,11,1,3,195
EC-max,40,48,9250,61.4,7210,33.4,0.738,157,3.24,75,14.8,1.24,48.6,197,59.9,6.9,11,1,3,195
EC-4pole,480,48,6420,482,4670,804,11.4,3350,47.5,82,1.01,0.298,70.5,135,1.94,2.85,140,2,3,860
EC-4pole,480,48,6630,222,4420,762,10.9,2520,36.7,85,1.31,0.298,68.7,139,2.65,3.88,140,2,3,860
EC-4pole,480,48,6750,212,4700,596,8.75,2150,31.9,85,1.51,0.298,67.4,142,3.16,4.64,140,2,3,860
EC-4pole,480,48,6860,216,5340,379,5.78,1860,28.1,84,1.71,0.298,66.2,144,3.71,5.45,140,2,3,860
EC-4pole,220,48,6470,149,5710,334,4.87,3350,47.5,89,1.01,0.298,70.5,135,1.94,2.6,128,2,3,860
EC-4pole,220,48,6650,113,5870,261,3.85,2520,36.7,89,1.31,0.298,68.7,139,2.65,3.55,128,2,3,860
EC-4pole,220,48,6770,109,6080,196,2.98,2150,31.9,89,1.51,0.298,67.4,142,3.16,4.24,128,2,3,860
EC-4pole,220,48,6890,107,6470,104,1.67,1860,28.1,88,1.71,0.298,66.2,144,3.71,4.98,128,2,3,860
EC-4pole,200,24,16700,723,16100,95.6,7.61,3240,236,90,0.102,0.016,13.7,697,5.17,1.8,33.3,2,3,300
EC-4pole,200,36,16700,482,16100,95.2,5.06,3520,171,90,0.21,0.037,20.6,465,4.75,1.66,33.3,2,3,300
EC-4pole,200,48,16500,356,16000,92.9,3.68,3430,124,90,0.386,0.065,27.6,346,4.83,1.69,33.3,2,3,300
EC-4pole,150,24,17100,944,16600,84.6,7.23,3140,236,88,0.102,0.016,13.3,718,5.49,2.02,35.2,2,3,300
EC-4pole,150,32,13100,429,12400,106,4.9,2320,99.7,88,0.321,0.049,23.3,410,5.66,2.09,35.2,2,3,300
EC-4pole,120,18,16800,298,15700,54,5.55,874,86,89,0.209,0.017,10.2,940,19.4,1.81,8.91,2,3,175
EC-4pole,120,24,16900,223,15800,54.6,4.21,954,70.4,89,0.341,0.031,13.5,705,17.7,1.65,8.91,2,3,175
EC-4pole,120,36,17800,166,16800,54,2.95,1090,56.8,90,0.634,0.062,19.2,497,16.4,1.53,8.91,2,3,175
EC-4pole,120,48,16900,112,15800,54.5,2.1,1020,37.7,90,1.27,0.123,27.1,352,16.6,1.54,8.91,2,3,175
EC-4pole,90,18,16300,218,14900,43.7,4.32,588,55.8,88,0.323,0.0283,10.5,907,27.8,1.61,5.54,2,3,125
EC-4pole,90,24,16300,164,15000,45.1,3.34,639,45.5,89,0.527,0.0503,14,680,25.5,1.48,5.54,2,3,125
EC-4pole,90,36,16300,109,14900,43.7,2.16,612,29.1,88,1.24,0.113,21.1,453,26.7,1.55,5.54,2,3,125
EC-4pole,90,48,16300,81.8,14900,42.6,1.58,586,20.9,88,2.3,0.201,28.1,340,27.9,1.62,5.54,2,3,125
EC-4pole,90,48,6900,20.7,5550,43.9,0.679,234,3.55,85,13.5,1.11,66,145,29.7,1.72,5.54,2,3,125
EC-i,200,24,3340,657,2970,640,9.36,13800,202,89,0.119,0.149,68,140,0.245,0.677,264,8,3,1150
EC-i,200,36,3660,499,3300,649,6.93,18800,202,90.4,0.178,0.28,93.1,103,0.196,0.543,264,8,3,1150
EC-i,200,48,3970,419,3610,622,5.44,22900,200,91.1,0.24,0.424,115,83.3,0.174,0.482,264,8,3,1150
EC-i,180,18,4820,1010,4360,388,11.1,11500,325,89.3,0.0555,0.0643,35.3,270,0.425,0.756,170,8,3,823
EC-i,180,24,4680,726,4200,428,8.81,13000,268,90,0.0894,0.122,48.6,197,0.362,0.645,170,8,3,823
EC-i,180,36,4820,507,4360,438,6.18,15900,225,90.8,0.16,0.257,70.6,135,0.306,0.544,170,8,3,823
EC-i,180,48,4900,390,4450,412,4.47,15700,169,90.7,0.284,0.443,92.7,103,0.316,0.562,170,8,3,823
EC-i,100,18,4540,352,3920,207,5.46,2860,76.3,87,0.236,0.169,37.5,255,1.6,0.739,44,7,3,390
EC-i,100,36,4550,176,3950,207,2.72,3160,42.2,87,0.853,0.675,74.9,127,1.45,0.669,44,7,3,390
EC-i,100,48,5000,150,4390,222,2.39,4330,47.5,89,1.01,0.995,91,105,1.16,0.537,44,7,3,390
EC-i,75,12,7940,447,6760,108,7.32,1460,102,87.3,0.118,0.0975,14.3,668,5.5,0.893,15.5,4,3,242
EC-i,75,18,7950,298,6840,110,4.97,1770,82.5,88.5,0.218,0.219,21.4,446,4.54,0.736,15.5,4,3,242
EC-i,75,24,7950,223,6870,107,3.64,1800,63.1,88.6,0.38,0.39,28.6,334,4.45,0.722,15.5,4,3,242
EC-i,75,36,7950,149,6890,110,2.48,1970,46,89,0.782,0.877,42.9,223,4.07,0.66,15.5,4,3,242
EC-i,75,48,8210,117,7150,104,1.83,1910,34.6,88.8,1.39,1.46,55.4,173,4.33,0.702,15.5,4,3,242
EC-i,50,12,12400,522,9660,43.3,4.53,473,52.9,81,0.227,0.109,8.95,1070,27.1,2.98,10.5,7,3,170
EC-i,50,24,13200,285,10300,52.8,2.8,810,47.9,85,0.501,0.39,16.9,565,16.7,1.84,10.5,7,3,170
EC-i,45,12,8250,273,6710,65.4,4.51,731,53.2,86.3,0.225,0.199,13.7,696,11.4,0.969,8.1,4,3,156
EC-i,45,18,8250,182,6760,67.7,3.09,840,40.8,87.2,0.441,0.449,20.6,464,9.94,0.843,8.1,4,3,156
EC-i,45,24,8520,143,7030,63.8,2.28,811,30.5,86.9,0.787,0.749,26.6,359,10.6,0.902,8.1,4,3,156
EC-i,45,36,8250,91.1,6790,67.6,1.54,885,21.5,87.5,1.68,1.8,41.2,232,9.43,0.8,8.1,4,3,156
EC-i,45,48,8520,71.5,7050,63.8,1.14,835,15.7,87.1,3.06,3,53.2,180,10.3,0.876,8.1,4,3,156
EC-i,30,12,9190,206,7710,37.3,3.05,341,27.7,83.7,0.434,0.279,12.3,775,27.3,2.08,7.3,2,3,153
EC-i,30,24,9190,103,7770,37.3,1.52,360,14.6,84.1,1.64,1.12,24.6,387,25.8,1.98,7.3,2,3,153
EC-i,30,36,9190,68.6,7760,35.9,0.982,338,9.15,83.6,3.93,2.51,37,258,27.5,2.1,7.3,2,3,153
EC-i,30,48,9010,50.1,7600,37.4,0.748,358,7.11,84.1,6.76,4.66,50.3,190,25.5,1.95,7.3,2,3,153
EC flat,600,18,2080,821,1620,1610,18,14900,183,87.2,0.0983,0.133,81.6,117,0.141,7.47,5100,11,3,988
EC flat,600,30,2080,493,1620,1560,10.5,14600,107,87,0.28,0.369,136,70.2,0.144,7.66,5100,11,3,988
EC flat,600,48,1960,283,1520,1490,5.95,13100,56.9,86.5,0.844,1.07,231,41.3,0.151,7.99,5100,11,3,988
EC flat,600,60,1980,230,1540,1500,4.83,13300,46.7,86.6,1.28,1.63,286,33.4,0.15,7.97,5060,11,3,988
EC flat,400,18,2080,792,1700,1300,14.9,14900,183,87.4,0.0983,0.133,81.6,117,0.141,7.47,4765,11,3,964
EC flat,400,30,2080,475,1700,1260,8.73,14600,107,87.3,0.28,0.369,136,70.2,0.144,7.66,4765,11,3,964
EC flat,400,48,1960,272,1600,1210,4.96,13100,56.9,86.8,0.844,1.07,231,41.3,0.151,7.99,4765,11,3,964
EC flat,400,60,1980,221,1620,1220,4.03,13300,46.7,86.9,1.28,1.63,286,33.4,0.15,7.97,4765,11,3,964
EC flat,360,12,3210,1390,2310,951,23.9,7290,208,84.5,0.0577,0.058,35.1,272,0.448,14.9,3210,11,3,638
EC flat,360,24,3210,696,2340,953,12,7800,111,85,0.216,0.232,70.1,136,0.419,13.9,3210,11,3,638
EC flat,360,36,3120,444,2270,933,7.61,7470,68.9,84.8,0.523,0.554,108,88.1,0.425,14.1,3210,11,3,638
EC flat,360,60,2640,210,1890,894,3.73,6320,29.6,84,2.03,2.15,214,44.7,0.424,14.1,3210,11,3,638
EC flat,260,18,2110,830,1790,1010,12.1,14800,183,87,0.0983,0.133,80.7,118,0.144,7.63,5060,11,3,980
EC flat,260,30,2080,490,1780,988,7.06,14600,107,87,0.28,0.369,136,70.2,0.144,7.66,5060,11,3,980
EC flat,260,48,1960,278,1670,964,4.06,13100,56.9,86,0.844,1.07,231,41.3,0.151,7.99,5060,11,3,980
EC flat,260,60,1980,227,1690,963,3.28,13300,46.7,87,1.28,1.63,286,33.4,0.15,7.97,5060,11,3,980
EC flat,220,24,3170,658,2490,729,9.44,7910,111,85.4,0.216,0.232,71.2,134,0.407,13.5,2875,11,3,624
EC flat,220,36,3070,420,2420,715,6.01,7580,68.9,85.2,0.523,0.554,110,86.8,0.412,13.7,2875,11,3,624
EC flat,220,60,2600,197,2020,692,2.96,6410,29.6,84.6,2.03,2.15,217,44.1,0.412,13.7,2875,11,3,624
EC flat,200,12,3760,815,2790,492,15.1,3340,111,83.8,0.108,0.0911,30,318,1.14,9.95,832,7,3,360
EC flat,200,24,4300,497,3240,536,9.28,4300,81.9,85.2,0.293,0.279,52.5,182,1.01,8.83,832,7,3,360
EC flat,200,48,4020,224,3020,577,4.6,4870,43.2,86.3,1.11,1.28,113,84.8,0.837,9.29,832,7,3,360
EC flat,160,12,3170,1320,2710,458,12.8,7400,208,85,0.0577,0.058,35.6,268,0.435,14.4,3170,11,3,630
EC flat,160,24,3170,658,2720,457,6.39,7910,111,85,0.216,0.232,71.2,134,0.407,13.5,3170,11,3,630
EC flat,160,36,3070,420,2640,453,4.09,7580,68.9,85,0.523,0.554,110,86.8,0.412,13.7,3170,11,3,630
EC flat,160,60,2600,197,2200,460,2.1,6410,29.6,85,2.03,2.15,217,44.1,0.412,13.7,3170,11,3,630
EC flat,150,12,3760,815,2990,378,12,3340,111,83.8,0.108,0.0911,30,318,1.14,9.68,810,7,3,350
EC flat,150,24,4300,497,3480,401,7.25,4300,81.9,85.2,0.293,0.279,52.5,182,1.01,8.6,810,7,3,350
EC flat,150,48,4020,224,3230,437,3.63,4870,43.2,86.3,1.11,1.28,113,84.8,0.837,9.1,810,7,3,350
EC flat,100,12,3760,797,3210,261,8.72,3340,111,84.1,0.108,0.0911,30,318,1.14,9.99,835,7,3,355
EC flat,100,24,4300,493,3730,269,5.14,4300,81.9,85.3,0.293,0.279,52.5,182,1.01,8.86,835,7,3,355
EC flat,100,48,4020,221,3460,298,2.61,4870,43.2,86.4,1.11,1.28,113,84.8,0.837,7.32,835,7,3,355
EC flat,90,24,3190,544,2590,444,6.06,4940,70,84,0.343,0.264,70.5,135,0.659,21.1,3060,12,3,600
EC flat,90,36,3120,348,2510,560,4.76,7480,69,87,0.522,0.625,109,88,0.423,13.6,3060,12,3,600
EC flat,90,48,2080,135,1610,533,2.27,4570,21.1,85,2.28,2.5,217,44,0.462,14.8,3060,12,3,600
EC flat,50,18,6720,247,5190,97.1,3.52,975,38.8,85,0.464,0.322,25.1,380,7.02,9.92,135,8,3,110
EC flat,50,24,6710,185,5240,83.4,2.33,780,23.3,83,1.03,0.572,33.5,285,8.77,12.4,135,8,3,110
EC flat,50,24,4730,106,3480,69.6,1.41,402,8.47,79,2.83,1.15,47.5,201,12,17,135,8,3,110
EC flat,50,36,3360,42.3,2360,90.5,0.828,484,4.81,82,7.48,5.15,101,95,7.07,10,135,8,3,110
EC flat,30,12,4370,163,2940,55,2.02,255,10,76,1.2,0.56,25.5,374,17.6,17.1,92.5,8,3,75
EC flat,30,12,4350,163,2800,54.7,2.02,219,8.58,75,1.4,0.56,25.5,374,20.5,19.9,92.5,8,3,75
EC flat,30,24,4360,81.4,2940,54.8,1.01,253,4.97,76,4.83,2.24,51,187,17.7,17.2,92.5,8,3,75
EC flat,30,24,4380,73,2900,55.2,1.01,243,4.77,77,5.03,2.24,51,187,18.5,17.9,92.5,8,3,75
EC flat,30,36,4750,61.6,3290,66,0.847,380,5.38,80,6.69,4.29,70.6,135,12.8,12.4,92.5,8,3,75
EC flat,30,36,4760,55.3,3270,66.6,0.849,369,5.22,81,6.89,4.29,70.6,135,13.2,12.8,92.5,8,3,75
EC flat,15,9,3720,74.7,2060,24.5,1.06,68.3,3.06,71,2.95,1.61,22.4,427,56.3,20.6,35,4,3,57
EC flat,15,12,4610,75.7,2790,25,1,82.3,3.42,73,3.51,1.86,24.1,397,57.8,21.2,35,4,3,57
EC flat,15,24,4530,36.9,2760,25.5,0.5,85.3,1.74,73,13.8,7.72,49,195,54.8,20.1,35,4,3,57
EC flat,15,48,4780,19.9,2940,24.7,0.257,83.9,0.904,73,53.1,27.7,92.8,103,58.8,21.6,35,4,3,57
EC flat,12,9,8000,147,4780,23.8,2.04,92.6,8.9,77,1.01,0.32,10.4,918,89.3,48.9,52.3,8,3,57
EC flat,12,9,7980,147,4540,23.6,2.04,80.6,7.75,75,1.16,0.32,10.4,918,103,56.1,52.3,8,3,57
EC flat,12,12,8160,115,4840,20.1,1.37,70.8,5.24,73,2.29,0.541,13.5,706,120,65.5,52.3,8,3,57
EC flat,12,12,8150,115,4720,20,1.37,66.5,4.92,73,2.44,0.541,13.5,706,128,69.8,52.3,8,3,57
EC flat,12,24,7310,47.6,4390,27,0.766,114,3.74,79,6.42,2.75,30.5,313,65.9,36.1,52.3,8,3,57
EC flat,12,24,7300,47.6,4360,27.1,0.768,112,3.67,79,6.54,2.75,30.5,313,67.1,36.8,52.3,8,3,57
EC flat,6,6,9210,186,3860,7.61,1.37,15.5,2.73,55,2.2,0.378,5.67,1680,651,94.8,13.9,4,3,32
EC flat,6,9,8380,107,3640,8.89,0.929,19,2,60,4.5,1.06,9.5,1010,476,69.3,13.9,4,3,32
EC flat,6,12,7970,75.6,3210,7.98,0.614,15.7,1.19,57,10.1,2.04,13.2,724,551,80.3,13.9,4,3,32
EC flat,6,24,9310,46.2,4480,9.42,0.401,22.8,0.995,62,24.1,6.19,23,416,437,63.6,13.9,4,3,32
EC flat,5,6,9350,102,4780,7.59,1.31,17.2,2.93,67,2.05,0.189,5.88,1620,567,30.3,5.1,4,3,22
EC flat,5,9,9430,68.3,5310,8.58,0.974,22.4,2.54,71,3.54,0.424,8.82,1080,435,23.2,5.1,4,3,22
EC flat,5,12,9380,51.1,5170,7.59,0.655,18.9,1.61,68,7.45,0.754,11.8,812,515,27.5,5.1,4,3,22
EC flat,5,24,9300,25.1,5220,7.74,0.329,19.9,0.838,69,28.6,3.09,23.8,402,484,25.8,5.1,4,3,22
EC flat,3,6,9070,53.6,3030,3.22,0.56,5.29,0.9,59,6.67,0.639,5.88,1620,1840,74.1,3.84,4,3,15
EC flat,3,9,9760,35.1,4140,4.08,0.478,8.04,0.957,66,9.4,1.3,8.4,1140,1270,51.2,3.84,4,3,15
EC flat,3,12,9540,25.8,3490,3.28,0.294,5.67,0.503,61,23.9,2.35,11.3,847,1790,72.1,3.84,4,3,15
EC flat,3,24,9450,12.6,3830,3.78,0.163,7.12,0.309,65,77.7,9.8,23,414,1400,56.2,3.84,4,3,15
EC flat,1.5,6,20000,156,9600,1.8,0.794,3.79,1.5,49,4.01,0.107,2.53,3770,5980,68.9,1.1,4,3,8
EC flat,1.5,12,20100,78.1,9680,1.83,0.402,3.87,0.764,49,15.7,0.428,5.06,1890,5860,67.5,1.1,4,3,8
EC flat,1.5,18,19900,51.7,9390,1.74,0.256,3.6,0.474,48,38,0.962,7.6,1260,6270,72.3,1.1,4,3,8
EC flat,1.5,24,20000,38.9,9590,1.81,0.199,3.8,0.374,49,64.1,1.71,10.1,942,5960,68.6,1.1,4,3,8
EC flat,0.5,3,14500,53.9,4830,0.764,0.447,1.22,0.675,53,4.44,0.12,1.81,5270,12900,32.1,0.237,4,3,3
EC flat,0.5,4.5,15100,38.3,5260,0.809,0.327,1.32,0.507,54,8.88,0.25,2.61,3660,12500,30.9,0.237,4,3,3
EC flat,0.5,6,15600,30.9,5240,0.684,0.222,1.1,0.332,50,18.1,0.4,3.3,2890,15800,39.3,0.237,4,3,3
EC-frameless,260,18,2100,830,1770,1010,12.1,13400,166,86,0.109,0.133,80.7,118,0.159,8.85,5300,11,3,814
EC-frameless,260,30,2080,490,1770,988,7.06,14100,103,87,0.29,0.369,136,70.2,0.15,8.32,5300,11,3,814
EC-frameless,260,48,1960,278,1660,964,4.06,13000,56.2,86,0.854,1.07,231,41.3,0.153,8.47,5300,11,3,814
EC-frameless,260,60,1980,227,1690,963,3.28,13200,46.3,86,1.29,1.63,286,33.4,0.152,8.41,5300,11,3,814
EC-frameless,160,12,3160,1320,2670,458,12.8,6260,176,83,0.0682,0.058,35.6,268,0.514,17.1,3170,11,3,490
EC-frameless,160,24,3170,658,2710,458,6.39,7540,106,85,0.226,0.232,71.2,134,0.427,14.2,3170,11,3,490
EC-frameless,160,36,3070,420,2630,453,4.09,7430,67.5,85,0.533,0.554,110,86.8,0.421,14,3170,11,3,490
EC-frameless,160,60,2600,197,2200,460,2.1,6380,29.4,84,2.04,2.15,217,44.1,0.414,13.8,3170,11,3,490
EC-frameless,100,12,3710,671,3170,279,9.25,2850,93.5,84,0.128,0.062,30.5,313,1.32,17.2,1246,7,3,333
EC-frameless,100,24,4250,419,3740,289,5.47,4180,78.2,86,0.307,0.188,53.4,179,1.03,13.4,1246,7,3,333
EC-frameless,100,48,3970,187,3490,319,2.78,5010,43.8,88,1.1,0.864,114,83.4,0.798,10.4,1246,7,3,333
EC-frameless,70,24,6110,234,4860,128,3.21,1460,39.5,85.4,0.608,0.463,36.9,259,4.26,10.7,240,8,3,143
EC-frameless,70,30,6230,194,4990,112,2.36,1170,25.8,83.7,1.16,0.691,45.1,212,5.44,13.7,240,8,3,143
EC-frameless,70,36,6330,166,5080,108,1.93,1100,20.7,83.2,1.74,0.966,53.3,179,5.85,14.7,240,8,3,143
EC-frameless,70,48,3440,48.1,2540,134,0.936,915,6.97,84.3,6.89,5.85,131,72.7,3.82,9.6,240,8,3,143
EC-frameless,50,18,6720,247,5190,97.1,3.52,975,38.8,85,0.464,0.322,25.1,380,7.02,13.6,185,8,3,110
EC-frameless,50,24,6710,185,5240,83.4,2.33,780,23.3,83.3,1.03,0.572,33.5,285,8.77,17,185,8,3,110
EC-frameless,50,24,4730,106,3480,69.6,1.41,402,8.47,79.3,2.83,1.15,47.5,201,12,23.3,185,8,3,110
EC-frameless,50,36,3360,42.3,2360,90.5,0.828,484,4.81,82.4,7.48,5.15,101,95,7.07,13.7,185,8,3,110
EC-frameless,30,12,4360,163,2910,54.9,2.02,247,9.69,76.3,1.24,0.56,25.5,374,18.2,28.6,150,8,3,89
EC-frameless,30,18,4890,129,3510,57.8,1.63,295,8.61,77.5,2.09,0.697,34.3,278,17,30.8,150,8,3,89
EC-frameless,30,24,4360,81.4,2930,54.7,1.01,251,4.93,76.5,4.87,2.24,51,187,17.9,28.1,150,8,3,89
EC-frameless,30,36,4750,61.6,3290,66,0.847,378,5.35,80.1,6.73,4.29,70.6,135,12.9,20.2,150,8,3,89
